employee_id,email,phone_number,address,city,postal_code
1,joshua72@example.com,(455)895-0919,"9197 Marie Lock Suite 232, Robertview, FM 53461",New York,58785
2,lsampson@example.org,001-659-235-5458x7926,"Unit 8853 Box 5497, DPO AA 10168",Paris,20223
3,varroyo@example.com,+1-479-430-6517x86327,"552 Drew Path Apt. 514, West Kelly, GA 91162",Warsaw,51807
4,sawyerwilliam@example.com,+1-258-249-3847x27221,"971 Christopher Shore Apt. 838, New Annahaven, MT 81229",Rome,66177
5,williamayala@example.net,237.513.0365,"09181 Samantha Hill Apt. 240, Greenbury, NJ 54069",Paris,94050
6,nfuentes@example.com,+1-668-827-5767x209,"Unit 1748 Box 2986, DPO AA 91357",Berlin,31225
7,wprice@example.net,693-428-2270,"USS Noble, FPO AA 09546",Paris,52765
8,ufletcher@example.com,3263240979,"29480 Cameron Tunnel, Port Dianeside, AK 01482",Paris,51588
9,ydixon@example.net,(680)536-4552x6853,"95186 William Court Suite 693, Toddside, MI 91800",Paris,33528
10,eugenehuerta@example.net,(873)823-3142x6882,"58511 Alexander Forges, East Brandonville, NJ 22238",Warsaw,82268
11,jacob17@example.org,249.589.3449,"1898 Ian Parkway Apt. 028, Port Travis, NM 45723",London,75997
12,stevenpena@example.org,+1-645-627-2901x0455,"4294 Benjamin Lodge, Danielport, ID 27173",Berlin,97002
13,joshua84@example.com,302.743.5880x04365,"630 Jennifer Spur, Lake Justinshire, OK 33823",New York,66735
14,jimenezcathy@example.com,(288)225-8477x03981,"529 Cortez Bypass, New Jenny, FM 21401",London,77568
15,fosterjustin@example.net,434-921-0795x78846,"560 Jennifer Court Suite 197, Port Mariaborough, AR 91748",Warsaw,09671
16,rushmichelle@example.com,+1-841-270-8837x466,"190 Scott Burg, East Jennifer, MA 96667",Berlin,82368
17,phillip97@example.org,(870)543-9560x301,"1649 Perez Harbor, Lake Ginaborough, AK 32345",Rome,26855
18,tmitchell@example.com,926.604.9961,"0244 Wayne Manors Apt. 758, Richardshire, OK 11924",Warsaw,81910
19,wellskevin@example.net,+1-474-325-5496x06527,"22339 Smith Throughway, Timberg, PR 79601",Warsaw,00505
20,dixondaniel@example.com,810.472.7232,"2440 Kevin Hills Suite 088, Anthonyshire, CT 86378",Berlin,35700
21,ywilliams@example.com,001-339-314-6022x51496,"71426 Brent Greens Apt. 320, Coleberg, WI 84831",Rome,37660
22,dan50@example.net,+1-796-336-1475x44680,"527 Barber Circles, Port Rodney, GA 47885",Rome,27151
23,donaldthompson@example.org,001-609-901-4556x895,"46526 Snow Pines, South Sharonstad, IN 34282",New York,87962
24,dbaldwin@example.org,800-840-0192x4745,"068 Carpenter Cliffs, Brownmouth, OH 07059",New York,46572
25,angelapoole@example.org,(665)774-0051x99306,"10122 Garcia Well Apt. 876, New Ashley, WA 33277",London,52088
26,garciatiffany@example.net,001-437-689-2974x084,"5344 Tapia Isle Apt. 386, West Jorge, PA 40441",Paris,50999
27,warrenangela@example.com,541-745-3701x28100,"349 Michelle Village, North Rodney, WY 79561",Paris,84783
28,prestonemily@example.net,421-462-0487x892,"90685 Johnston Squares Suite 556, East Wendyport, DE 93889",London,22637
29,perezkatie@example.net,749-220-4589x177,"USCGC Knapp, FPO AP 23852",Paris,81187
30,qkent@example.com,826.492.1923,"5994 Warren Courts, North Richardberg, VI 77530",New York,65899
31,ronaldgomez@example.com,6686498140,"0656 Michael Plains, Riddlehaven, RI 64472",Paris,86306
32,jacobgallegos@example.net,314.992.5287x92504,"82208 Steven Falls, Marthamouth, VI 77395",Berlin,12618
33,kdaniels@example.net,(956)498-3472x17621,"694 Munoz Stream Suite 570, Marshallborough, FL 29116",Warsaw,78170
34,floreskristen@example.net,(555)806-8757x72509,"Unit 4940 Box 0403, DPO AA 89823",Berlin,29183
35,terrimitchell@example.org,492.647.6365x6024,"2684 Rebecca Oval Apt. 478, South Samuel, MT 34239",London,08676
36,markjones@example.net,489.305.9868x36110,"662 Stephen Hollow Apt. 358, Michaelamouth, IA 85274",New York,48472
37,jeffrey28@example.net,908-225-8485,"17275 Wendy Key, South Angela, ND 85061",Warsaw,27264
38,regina00@example.org,495-762-3971,"0532 Baker Causeway, Anitaberg, PR 19352",Paris,36198
39,snowashley@example.org,462-564-9471x8463,"07886 Robert Gardens Suite 275, Burkestad, NE 07254",Paris,48865
40,courtney33@example.com,765-503-1306x129,"59098 Diane Springs Suite 873, Bellstad, VI 47841",New York,32892
41,vsalinas@example.net,863-295-5549x91678,"59995 Johnson Crescent, New Vincentton, CT 26520",Paris,26087
42,theresa34@example.org,+1-450-549-2588,"0386 Rogers Cape, Port Cynthiabury, NJ 64713",Warsaw,85250
43,gutierrezzachary@example.org,001-448-553-6553x126,"50889 Brooke Throughway Suite 917, Kimfort, WI 69784",London,74536
44,elizabeth90@example.com,(682)354-4642,"7107 Eric Manors, Lake Theresa, WI 78675",Berlin,77532
45,kathryn29@example.org,567-493-4875x1327,"USCGC Singh, FPO AP 56634",London,43094
46,lancemendez@example.net,916.541.9523,"045 Rodriguez Expressway, East Jill, FM 58655",London,43046
47,alison08@example.net,(383)880-8273x65919,"98134 Craig Valley, Stephenfurt, ND 58934",Berlin,08913
48,uguzman@example.net,(211)971-5029x41740,"4817 Kennedy Walks, Sharpborough, WV 35699",Rome,83781
49,william97@example.com,277.790.8812x9069,"3278 Curry Causeway, South John, NC 38617",Warsaw,67338
50,ray00@example.org,(358)490-4796x460,"97589 Taylor Route Apt. 485, New Brenda, MO 00768",Berlin,20164
51,patricia19@example.com,813-228-1536,"51820 Michael Crest Suite 375, Greenbury, ID 23361",Paris,70417
52,michael67@example.org,7828391142,"68540 Robin Fork, Myersland, MH 69974",Rome,99932
53,waynelawson@example.com,666.572.9267x52679,"93594 Howard Lane, Joelville, WA 35992",Paris,33537
54,jessicashelton@example.net,001-795-357-6264x3903,"9263 Weaver Squares Suite 610, South Katiestad, WI 15416",Warsaw,18109
55,darrenstone@example.net,(392)979-3339x66725,"24469 Mitchell Rapids Suite 727, West Karenborough, UT 81447",London,11842
56,hunterlisa@example.com,(238)520-6961,"48385 Benitez Forge, Carriefort, IA 15736",Warsaw,52854
57,snyderbrett@example.org,(527)686-1274x9932,"USS Yang, FPO AA 63881",Warsaw,65702
58,jeffrey52@example.net,(595)493-3253x74320,"1693 Patrick Heights Apt. 669, South Joehaven, NC 97932",London,09102
59,ngibson@example.com,667.984.0203x9162,"3782 Scott Square, Maryton, NH 28610",London,27258
60,kcruz@example.org,(640)589-3704x486,"3138 Edwin Inlet Apt. 501, South Brettside, RI 67961",Berlin,46060
61,michellechandler@example.net,523-912-9821x5878,"514 John Manors, North Barbaramouth, UT 15190",Warsaw,75434
62,lisaflores@example.com,2945584097,"2406 Owens Circle Suite 780, Santanaborough, AZ 35520",New York,44703
63,michael43@example.org,8796105673,"156 Holly Tunnel, Wilsonside, CA 16468",Rome,40368
64,tracy45@example.org,(637)382-6573x193,"782 Jessica Harbor Suite 896, South Elizabeth, NY 78734",Warsaw,95817
65,jordan06@example.org,(264)591-9986x5539,"10571 Munoz Valleys, Lake Samanthahaven, TN 15292",London,40860
66,wilsonjohn@example.org,(206)394-7761x86754,"6015 Smith Ways Suite 616, Everettbury, LA 65195",New York,15470
67,gregoryangela@example.com,431-857-4963x40770,"4499 Lang Lock, North Williamland, CA 82931",Paris,79741
68,sarah55@example.org,506.811.6690x52152,"USS Miller, FPO AP 31997",Paris,40872
69,alyssa52@example.net,001-463-254-8651x1068,"65293 Victoria Drives Suite 682, East Daniel, ME 10582",London,07719
70,zdaniels@example.org,(219)737-8209x19730,"22805 Caitlin Alley, Kimberlyville, ND 82987",Rome,59352
71,timothy27@example.net,6519986945,"62241 Helen Expressway Suite 639, New Jessicaberg, SD 32916",Paris,38773
72,juan44@example.org,(819)821-6369x3463,"USNV Miranda, FPO AE 22481",Warsaw,69088
73,abradley@example.net,843.543.3244x79163,"Unit 1891 Box 3180, DPO AP 83040",Berlin,88459
74,williamsoncarolyn@example.org,735-687-5457x7234,"27151 Davis Park Suite 806, Port Caroline, IA 86588",New York,56740
75,smithnatasha@example.org,5447937659,"940 Cynthia Common, Port Kevin, NH 06231",New York,11912
76,kathryngonzales@example.net,3303139537,"24663 Kaitlyn Spur Apt. 763, Wilsonville, KS 44723",Berlin,94979
77,samantha98@example.org,805-246-9535x7491,"2157 Gerald Valleys, Lake Garyville, PR 40584",Berlin,08060
78,joshua64@example.com,3418298367,"42493 Austin Land Suite 074, Edwardsville, VA 43479",Berlin,81316
79,millernicholas@example.org,(562)259-6516x98598,"221 Paul Summit, Lake Monica, HI 86778",Paris,19263
80,sbyrd@example.com,+1-743-527-2010,"2446 Williams Mountain, Bettyport, IA 15642",New York,44617
81,terrifrancis@example.com,001-432-914-8975x88955,"1442 Patton Roads, Markmouth, AS 88588",London,54643
82,floresmelanie@example.com,4199888714,"1453 Edward Club, Debraview, NE 33476",Warsaw,51740
83,sellersbenjamin@example.com,+1-690-969-1320,"2590 Serrano Estates, East Diana, MI 86378",Paris,02411
84,jenniferschneider@example.net,(783)735-9953,"44922 Paula Ramp, Franklinfurt, DE 91545",New York,19020
85,lorimendoza@example.com,001-669-742-7826,"8618 Benjamin Shores, Port Paul, MA 30587",Berlin,95025
86,ariasshelly@example.com,(627)565-5006x15414,"513 Price Cape, East Adam, NC 31973",London,78588
87,tiffanyflores@example.com,694.415.9233x53741,"480 White Mountain, East Jeremy, MN 31071",Paris,09929
88,sarahwalker@example.net,+1-642-907-6285x76102,"22817 Silva Vista Suite 398, North Laura, MI 49870",London,39006
89,johnny25@example.net,(840)643-4365,"8785 Salazar Courts, Adamville, HI 25583",London,11834
90,jonesjustin@example.net,001-215-229-8318x563,"9675 Eric Green, West Catherine, CT 06413",London,02264
91,richard49@example.net,3663895942,"579 Katie Burg, New Sarahaven, SD 94838",Warsaw,29896
92,kramsey@example.org,256.999.4715,"2587 Shawn Landing, West Matthew, PA 49442",Warsaw,17444
93,jose85@example.org,597-225-6720,"18302 Miles Roads, Lake Eric, AL 35805",Warsaw,12356
94,yhansen@example.net,(445)946-5328x40617,"076 Abigail Views, Webbview, AZ 06978",Rome,53230
95,kevinthomas@example.org,744-463-2002,"651 Freeman Fords Apt. 679, Wadeton, TN 54752",London,97401
96,jkelly@example.net,+1-408-371-5200x418,"818 Price Squares Apt. 470, West Bridgetfurt, SD 85521",Rome,70724
97,wheelerjoshua@example.com,3783118428,"356 Turner Gardens, Shaneberg, OR 57844",Paris,44166
98,debraaustin@example.com,999-995-4925x049,"93282 James Plain, South Michael, RI 46716",Berlin,97958
99,aparker@example.org,(708)772-3982x79940,"54522 Jones Pike Suite 166, Virginiashire, OR 72424",Rome,42450
100,wayne10@example.org,247-903-3139x488,"437 Martin Greens, Troyborough, DC 11050",London,82446
101,aingram@example.com,856-416-8358,"9221 Andrew Flat, New Joseview, WA 76488",Rome,91718
102,diana21@example.net,699.319.2628,"5477 Lisa Locks, Charlesbury, VA 13577",Warsaw,08019
103,steven15@example.net,(871)353-4320x88646,"1543 Hull Shores, East Maryfort, WY 70405",Berlin,70797
104,dhernandez@example.org,3819217681,"3964 Carter Ports, North Laura, PA 21654",Paris,52941
105,richardoneill@example.net,670-880-2152,"5511 Sheila Motorway, East Sean, IN 04661",London,86060
106,jasonjimenez@example.com,+1-976-281-1113x32816,"PSC 4224, Box 9232, APO AA 70468",London,77588
107,tateangelica@example.org,(860)752-2700,"40292 Hughes Flat Suite 953, Port Angelaberg, HI 57350",London,32674
108,bbell@example.org,+1-814-737-7476x444,"1042 Victoria Trafficway Suite 892, East Jacob, NH 95946",Rome,44043
109,pauladavis@example.com,566.859.6326,"90588 Phillips Center, South Thomasport, FM 11817",London,91532
110,michael20@example.net,(794)661-5905x30385,"90301 Obrien Junction, New Thomas, AR 00591",Rome,77056
111,kevin38@example.com,001-962-456-7035,"49728 Ashley Burg, Shirleymouth, GU 00608",Paris,63628
112,derek78@example.org,001-601-718-9804x07731,"027 Veronica Falls Apt. 726, New Chad, WI 12539",London,52692
113,heather03@example.com,(243)409-3940x476,"58381 Dunn Light Suite 135, New Anthony, IN 79315",Berlin,97064
114,victoriaholmes@example.com,+1-861-405-7731x485,"342 Valdez Pines, Lake Aaronport, DE 27989",Rome,20450
115,jeffery67@example.com,947-436-0309,"842 Schwartz Parkways, Hernandezstad, SC 33056",Warsaw,94170
116,holmesadam@example.com,+1-252-946-2806x29391,"2543 Rios Plains, Leeshire, ID 70110",New York,13921
117,craig43@example.org,(235)889-2923x31508,"55098 Jones Forge Apt. 108, New George, PW 68432",Paris,07347
118,kristahendricks@example.org,+1-440-503-1966x172,"52601 Wells Viaduct, Gravestown, FL 91629",Rome,58087
119,cbrown@example.org,4964675790,"0775 Holly Unions, Martinezhaven, SD 17744",Paris,48865
120,oorr@example.net,(371)983-4826,"8665 Matthew Burgs Suite 894, Halltown, VA 82849",Rome,45214
121,stephaniehernandez@example.org,638.403.2702x4746,"750 Perez Trail, New Carlastad, MT 60386",Paris,13587
122,uferguson@example.com,393-437-4252x7528,"5642 Alexander Mews, Campbellbury, MS 99549",New York,39833
123,chenderson@example.com,001-805-483-6391,"0187 Evans Cliffs, East Coryshire, WV 02952",New York,75111
124,thomasholder@example.com,(299)643-2834,"8257 Kimberly Underpass, Greenehaven, PR 17979",London,34636
125,charlesbaker@example.net,596.318.8345x594,"511 Christina Meadow Suite 401, Clarkfort, NM 60600",Berlin,23981
126,pperry@example.com,+1-946-877-2896x183,"8667 Christopher Road Suite 180, Janetmouth, SC 81016",Berlin,16968
127,stacy25@example.org,001-523-302-5157x58901,"260 Knight Stravenue Apt. 526, Brittanymouth, NY 50365",London,30057
128,jeffrey12@example.com,921.544.4293x1358,"3581 White Harbor Apt. 501, West Summerberg, MO 70513",Berlin,57845
129,robertsrobert@example.net,+1-257-715-0856x1161,"86701 Amy Lights Suite 864, South Angelview, NY 75737",Rome,18759
130,beckantonio@example.net,(991)347-0323x56323,"Unit 9346 Box 4995, DPO AE 54132",London,95688
131,brettnicholson@example.com,001-892-598-3018x589,"28915 Johnson Springs, Lake Sherylshire, WY 09221",Rome,94024
132,romerotimothy@example.net,234.564.3212x866,"3735 Yang Village Suite 202, New Cameronside, VT 62731",Warsaw,84618
133,oduran@example.org,001-991-238-3791x71130,"678 Sarah Haven Suite 519, Fosterborough, NH 09047",Rome,93253
134,shaun49@example.net,518.889.1666x4388,"8537 Matthew Shoal, Hornton, NE 84356",New York,14882
135,kemplaura@example.net,001-345-418-0340,"085 Werner Stravenue, Lake Anneland, FM 86584",New York,68308
136,monique66@example.net,419.392.0691x7810,"7097 Thomas Coves Suite 645, West Jonathon, CA 74728",Rome,10527
137,cruzangela@example.com,(489)400-0618,"6958 Christina Track, West Brandyside, MH 37119",Warsaw,13590
138,allison45@example.org,+1-982-940-3081x950,"030 Tommy Crest, Flynnfort, WA 74465",Rome,61049
139,turnermichael@example.net,888-969-5689x9507,"2964 Chelsea Lane, West Sallyfort, VI 52287",Berlin,71297
140,twillis@example.org,837.744.5294,"084 Bradley Island, South Jeremy, VA 71737",Warsaw,89135
141,nicholas14@example.net,(925)674-6867,"PSC 6237, Box 4479, APO AA 60925",Paris,60565
142,daltonweber@example.org,001-336-694-9009x8185,"6074 Matthew Spring, West Robertview, NC 76192",Rome,30712
143,rsnyder@example.org,+1-801-966-9628,"4962 Christina Road Suite 563, South Janefort, HI 37874",New York,87283
144,castillodanielle@example.net,325.307.2404,"8880 Mary River, Danielfort, SD 68834",Paris,15701
145,bryan27@example.net,(710)570-9393x1262,"7557 Gregory Brooks, North Jenniferside, NM 16006",Rome,52301
146,tracypratt@example.com,827-656-3340x598,"26502 Christopher Hollow Apt. 409, Hernandezmouth, WV 19727",Paris,96434
147,davisjennifer@example.net,663.234.2745x8043,"8285 Murphy Course, Mccoymouth, WI 49615",Warsaw,17335
148,aimeeanderson@example.net,273.819.9865,"61198 John Mission Apt. 272, Pamelabury, WI 27377",London,20267
149,henrymahoney@example.net,+1-323-365-1249x626,"302 Ricardo Fork Apt. 964, Alanland, WV 12392",London,09239
150,bsellers@example.com,3003106543,"38962 Brown Dam Suite 042, South Richard, MP 93649",Warsaw,53111
151,gpham@example.com,(318)717-5058,"USNV Jackson, FPO AA 45705",New York,40762
152,kaitlyn14@example.net,666-565-5036x766,"3565 Garcia Rue, Port Kellyshire, VI 58296",Berlin,56995
153,thomashughes@example.org,7255837599,"980 Edward Causeway, Hermanville, ME 03700",London,62976
154,wendyhernandez@example.org,(271)284-5674x73831,"0172 Rhodes Lane Apt. 276, West David, VT 15111",Rome,44205
155,fraziersuzanne@example.org,+1-974-723-8715x001,"8733 Thompson Canyon, Kristiborough, WY 47433",Warsaw,40947
156,kevinfreeman@example.com,(839)708-6056x4065,"93754 Carla Stream Apt. 511, Port Mark, GA 91278",Warsaw,64214
157,croberts@example.com,815-306-6943,"55224 Deborah Prairie, East Andrewton, NJ 66962",London,07463
158,williamwilson@example.com,001-267-295-4536,"85934 Baker Lights, Valdezside, MN 95923",Paris,67567
159,kayla11@example.net,948-997-3623x73017,"478 Kline Streets Apt. 999, South Devin, UT 90480",Rome,95845
160,michaeltaylor@example.net,497-210-1363,"449 Collin Viaduct, Kevinview, NE 26047",Paris,94690
161,charles57@example.net,374-990-0114x02730,"78591 Christopher Walks Apt. 726, East Kevinshire, KS 65105",Berlin,76300
162,edwardschase@example.net,363.295.0177,"361 Riley Glens, Ramseyview, WY 63425",London,91454
163,ethompson@example.net,001-967-447-6932x680,"69895 Jill Stream Suite 811, Alvarezbury, DE 71872",New York,32709
164,cassandra55@example.net,797.204.8520x049,"96835 Foster Vista, New Brenda, NV 12794",Paris,26579
165,jeremy03@example.com,001-537-609-7434x193,"38309 Tasha Ports, Fletcherside, UT 67549",Rome,43532
166,franknicholson@example.net,+1-271-628-7611x7196,"4197 Devin Curve, North Davidfurt, GA 32656",Warsaw,70808
167,ulawrence@example.org,349-265-4665,"978 Green Hill, Gonzalesburgh, DC 99372",London,94953
168,sharonvaughan@example.org,(210)421-1739,"524 Peters Ports Suite 454, Sarahborough, WY 67113",Paris,45036
169,kelli15@example.org,5165506688,"53114 Huber Lake, South Sarah, PR 97179",London,50500
170,jallen@example.org,(379)600-4477x3277,"426 Carol Port Apt. 609, Holtton, PA 80841",Rome,83338
171,jameshancock@example.org,001-748-409-7049,"2414 Church Vista Suite 633, Juanview, AS 84200",Warsaw,21339
172,cannonchristopher@example.org,405.813.6575x2857,"6510 Michael Canyon Apt. 959, Greenland, MT 79526",Paris,47132
173,gabrieldickerson@example.com,633-791-4623,"586 Laura Greens, West William, RI 13954",Rome,48793
174,nicholas50@example.com,870.226.4362x156,"699 Kevin Station, Jennystad, OK 35813",Warsaw,44021
175,lfrank@example.net,990-467-8718x6781,"2275 Ashley Forge, East Christina, AK 59701",London,88847
176,juanmorgan@example.org,+1-471-832-7087,"6196 Bobby Centers, Alexanderstad, MT 11490",New York,49739
177,toddrobinson@example.net,+1-817-246-1569x30348,"30568 White Island Apt. 164, Kimberlyhaven, ME 91355",Rome,87592
178,benjamin88@example.net,7017470066,"56783 Patrick Freeway Suite 928, South Amberton, IL 54023",Rome,35944
179,elliottmary@example.com,903.565.0985,"63680 Trevor Glens Suite 330, East Jessicashire, FM 80527",Berlin,89967
180,angelica14@example.org,(211)267-8888x1593,"4114 Richard Passage, Hillfort, OK 98636",New York,37058
181,jasonwilson@example.com,(598)803-3796x34765,"5569 Gonzalez Square, Brownchester, WA 63280",Warsaw,47741
182,richardcrosby@example.org,(941)237-2379,"73465 Walker Vista Suite 033, Stevenmouth, SD 52108",London,73663
183,villamolly@example.net,001-401-578-0880x67841,"56190 Colleen Walk Apt. 572, Dicksonburgh, UT 20336",Paris,58272
184,melissaallen@example.org,(460)216-4202,"USNS Eaton, FPO AE 79145",New York,63526
185,mitchellana@example.org,309-729-4160,"6800 Page Drive, Kaylaport, RI 38137",Rome,74613
186,courtneyhiggins@example.net,662-932-2669x8402,"57665 Santiago Summit, Emilyberg, UT 75023",Warsaw,19071
187,jessica38@example.com,368-338-5292x466,"Unit 3883 Box 4679, DPO AP 86030",London,41832
188,vargasjason@example.com,640.622.8760x6501,"817 Tonya Junctions, Kingfurt, MP 72173",Warsaw,16093
189,jonesbrenda@example.net,770.907.4174x33499,"431 Kari Hollow Suite 913, North Brian, SC 01766",New York,96155
190,lmartin@example.net,+1-867-724-8208x369,"2962 Brian Mill Apt. 079, East Nancy, TN 50284",London,77231
191,ramoschristopher@example.com,(817)646-6263,"7476 Gaines Wells Apt. 595, East Natalietown, CO 11835",Berlin,40718
192,steinscott@example.org,+1-975-557-8355x113,"1692 Cox Course Apt. 132, Port Taraport, OR 50345",Berlin,20624
193,danielsmith@example.org,832-224-8506,"013 Gina Points, South Catherineside, MS 22759",Berlin,62193
194,james36@example.org,249.840.4312,"26005 Jesus Unions, Carolynchester, RI 90590",London,82254
195,anthony02@example.com,395-491-9141x9769,"4765 Hart Roads Apt. 274, Leslieland, ME 23232",New York,51783
196,arussell@example.net,+1-719-602-6122x5631,"671 Park Street Apt. 529, West Elizabethburgh, MT 40012",Warsaw,04986
197,hawkinsstephanie@example.com,(415)632-3352,"PSC 8008, Box 2759, APO AA 78603",New York,97539
198,angelpatterson@example.com,(596)937-2989,"57636 Kimberly Rue, East Judithshire, ND 18118",New York,54913
199,wilsonnicholas@example.net,5619968537,"12434 Joseph Skyway, Josephport, TX 35189",Warsaw,15902
200,rodriguezashley@example.org,(313)516-2154x06077,"8819 Obrien Lakes Suite 312, Beantown, MO 12447",Paris,31577
201,kim69@example.org,+1-982-450-4366x7658,"1117 Bernard Walks, Port Gloria, AR 40235",Paris,92159
202,mariaoliver@example.com,001-696-821-5490x871,"4609 Williams Greens Suite 921, Joshuahaven, IL 12704",Rome,91005
203,hernandezjoshua@example.org,445-987-7939,"16291 Serrano Villages Apt. 114, West Jacob, WA 26191",New York,94294
204,debra83@example.com,001-883-439-3703x771,"000 Aguilar Parkways Apt. 439, South Patriciafurt, MO 52833",London,22178
205,ayalatonya@example.org,538.622.4998x2797,"32411 Alicia Cove Apt. 891, South Brett, ID 69502",New York,36297
206,scampbell@example.com,(817)352-8471x6868,"048 Ashley Shore, Ortegaport, NC 97630",New York,44015
207,robert46@example.net,001-918-934-5457,"7407 Hall Camp, Estradaborough, UT 54184",Berlin,95504
208,lawrencealexis@example.net,(780)411-1055x9931,"Unit 6993 Box 8680, DPO AA 86135",Warsaw,47955
209,nmiller@example.com,437.451.4547x629,"41686 Taylor Village Suite 061, South Christina, IA 89282",New York,80611
210,randyparker@example.org,3377912011,"480 Daisy Center, Lake Benjamin, AZ 49019",New York,77931
211,andrewtorres@example.net,693-795-0198x839,"18017 Medina Overpass Apt. 341, South Reginald, MH 58950",Warsaw,73339
212,dominicturner@example.org,564-800-9303x44139,"Unit 7175 Box 1507, DPO AE 77532",Berlin,95409
213,christine52@example.com,201.570.2940x401,"43431 Robert Divide, Atkinsview, RI 50155",Paris,15492
214,edwardoneal@example.net,579-227-9041x83063,"12284 Daniel Underpass Suite 680, Bradleychester, AK 74101",New York,78154
215,evangarza@example.net,+1-699-786-1815x69983,"85144 Margaret Inlet Suite 171, Rosebury, WI 99410",New York,75026
216,ghicks@example.com,940-671-0790x973,"65883 Miles Unions Apt. 740, Whitneyview, ME 06195",New York,17531
217,kevin33@example.com,(950)871-8834,"0603 Moyer Mountains Apt. 514, Beckbury, WV 37393",New York,36381
218,iyoung@example.org,(755)471-2067,"329 Troy Pass, Woodsborough, ID 45578",Paris,23529
219,murillojean@example.com,(279)241-6821x55167,"79582 Davis Street, Port Brianatown, KS 87073",Berlin,24774
220,santiagodana@example.net,758-500-1079x232,"USS Carter, FPO AE 65044",New York,03355
221,odawson@example.com,557.745.9573x08995,"7146 Michael Alley, Chadburgh, ME 63027",Paris,20511
222,krodriguez@example.org,753-912-1745,"6447 Cook Cliff, Ianport, CO 03615",Warsaw,53991
223,john58@example.org,632-746-7343x07398,"16691 Jorge Ranch Suite 256, Meltonberg, NE 05482",Paris,94598
224,meganscott@example.com,+1-636-918-9796x9747,"Unit 9984 Box 9559, DPO AA 86029",Warsaw,19811
225,rebecca87@example.org,961-823-7676x2730,"10308 Ebony Islands, Jensenborough, NV 83118",Warsaw,56230
226,david24@example.net,(361)947-9699x9028,"PSC 3313, Box 5561, APO AA 50647",New York,86079
227,sharpricky@example.net,461-206-0208x71398,"900 Ashley River, Paulabury, KY 66359",Rome,41757
228,scottromero@example.org,844-243-8444x3061,"382 Deborah Squares, Jefferyport, DC 70501",London,16795
229,harrisjonathan@example.com,001-769-373-4884x160,"7317 Jodi Corner, Williamsland, DE 51662",Paris,08331
230,harrisann@example.org,253.836.5809x193,"06397 Aaron Estate Suite 371, Tanyamouth, VI 04087",Rome,28073
231,whitney13@example.org,001-755-921-2887,"37664 Hernandez Valley, Heatherburgh, RI 22755",Berlin,09002
232,williamlambert@example.net,+1-876-884-8215x0955,"69570 Silva Falls, Vanessamouth, NE 38203",Warsaw,93898
233,jameslawrence@example.net,+1-438-557-1885x87799,"76329 Bond Lodge, Joneston, NE 23210",Berlin,64844
234,kelseygriffith@example.org,395-646-4034,"24823 Patricia Union, Lake Trevorburgh, ID 40843",Rome,56704
235,pcain@example.org,862.925.6162,"USS Brown, FPO AP 58677",London,08804
236,kristen79@example.org,+1-596-285-9116x297,"40066 Reed Loop Suite 746, Peggyhaven, AR 29718",Paris,51078
237,ghernandez@example.net,501-246-4420x18746,"214 Natasha Pines, Jamesstad, GA 63690",Warsaw,35454
238,jamie68@example.org,(206)513-3766x3926,"PSC 0544, Box 8594, APO AE 45126",New York,11760
239,aguerrero@example.com,841.925.8628x86206,"46390 Meadows Lakes, South Kenneth, DC 93916",New York,66725
240,scottgarza@example.com,(385)883-1438,"022 Pierce Stravenue, West Aaronton, CA 45491",Rome,86579
241,marvin18@example.net,251.608.7356x9129,"230 Rodriguez Valley Apt. 668, Haynesborough, CA 65271",New York,90660
242,robertfrey@example.com,6044189269,"PSC 9728, Box 2745, APO AA 03646",Berlin,64756
243,whitematthew@example.com,(792)289-7164x574,"25101 Richardson Heights Apt. 871, New Rodney, NE 17573",New York,78520
244,portercraig@example.net,(380)465-9294,"196 Pugh Rue, Lake Rachel, VI 90930",New York,00939
245,john26@example.org,+1-940-494-8248,"PSC 1766, Box 2344, APO AE 91869",Berlin,19045
246,vhenry@example.org,8935459888,"262 Joseph Pines, Glennmouth, MP 14809",Rome,57729
247,joseph60@example.net,826.536.9101x434,"13619 Ford Burg, West James, IA 85308",Paris,35383
248,milleralan@example.org,001-626-540-1944,"33959 Hunter Port, New Rebecca, MN 99096",London,57910
249,maria91@example.com,554.425.7907x3968,"Unit 7081 Box 7259, DPO AE 43355",London,73828
250,cabreraluis@example.org,(436)708-5819x65424,"2558 Troy Extension, Davidfort, AZ 01196",Paris,31274
251,waltersalexa@example.com,+1-737-762-7326,"PSC 2871, Box 9398, APO AA 19638",Warsaw,66422
252,elizabethyoung@example.org,410.829.9636x4281,"44663 Perez Route Suite 907, Montoyabury, NV 58909",Berlin,35850
253,dhaynes@example.org,540-657-6179,"11647 Michael Ramp Suite 746, East Peterhaven, OK 84113",Paris,18137
254,tinacardenas@example.net,359.793.4246x5490,"9983 Christina Cliff Suite 501, Port Shawn, GU 44657",Paris,59315
255,gmartinez@example.com,574.331.4393x81152,"5394 Maddox Ramp Suite 711, Juliahaven, WV 80563",Warsaw,53386
256,melissa34@example.org,001-364-667-3973x364,"20853 Wise Manor, Marystad, ME 21527",Rome,76065
257,nathan18@example.org,963-466-2819,"17186 Erin Course Suite 054, North Andrew, OH 68730",New York,18051
258,william17@example.org,740-543-9946x562,"325 Tamara Passage Apt. 066, Michaelmouth, GU 80925",London,77601
259,trujillomike@example.com,8813551608,"159 Mueller Rapid Apt. 792, Lake Juan, CO 16223",London,29881
260,joshua19@example.com,829.419.2436x6086,"774 Jacqueline Road Apt. 054, East Michael, SC 50195",Rome,97260
261,troy83@example.net,484.416.8954x38798,"720 Maldonado Camp Apt. 196, Tinamouth, NC 47289",Warsaw,71439
262,rachaelflores@example.com,986-201-7239,"7524 Williams Way Suite 391, Alvarezville, ME 20754",Paris,34456
263,jacqueline22@example.net,720-581-6311x91157,"Unit 6969 Box 2635, DPO AA 22630",Berlin,82700
264,bevans@example.net,2676285199,"92022 Fernando Orchard Apt. 099, New Taylormouth, RI 41288",London,23625
265,cassidyscott@example.com,709.207.8438,"281 Gwendolyn Island Apt. 268, North John, CT 35098",Paris,32997
266,kevin78@example.net,001-445-361-2312x3082,"87051 Byrd Vista, Suzannefurt, MN 26548",New York,77116
267,christopher77@example.com,940-655-3082,"6345 Thomas Plaza, Johnsonmouth, HI 81657",Berlin,84030
268,ifrazier@example.org,+1-403-319-2975,"24831 Sean Summit, North Melissamouth, FL 30469",Rome,55397
269,amy06@example.net,(232)519-0975,"698 Glenda Points Apt. 778, North Justin, UT 89238",London,18234
270,hailey14@example.com,794.408.4939,"4371 Stacey Wells Suite 105, Kellyfurt, UT 96635",Rome,07493
271,ray14@example.com,657-881-0856x651,"714 Jennifer Mill, West Mckenzieborough, DC 76431",New York,56275
272,ealexander@example.org,920-570-7929x069,"98405 Sean Mission, New Julie, MA 99879",Warsaw,30596
273,ehawkins@example.com,(700)438-2202x6489,"854 Hicks Forest Suite 374, Dorothymouth, IA 34084",New York,96076
274,hatfieldjames@example.org,+1-907-932-2976x85268,"022 Anthony Meadow Suite 264, South Matthew, AK 19157",Paris,34334
275,griffithsheila@example.org,263-820-7079,"33707 Cole Track Suite 058, South Darrenburgh, VI 31879",Paris,10103
276,jacquelinesmith@example.org,001-517-962-7674,"2721 Jessica Shoals, Millertown, UT 82880",Rome,37511
277,ericmendez@example.org,799.379.9110,"7896 Oconnell Wall, North Terri, RI 48891",Warsaw,14062
278,tharper@example.org,(771)433-3279x978,"69927 Tran Square Apt. 443, Port Joel, FL 41715",Paris,94429
279,derekfisher@example.com,(363)812-5807,"4251 George Throughway, Johnsonside, NY 89830",Paris,66084
280,bethany99@example.net,001-376-662-1427x558,"933 Griffin Summit Apt. 114, Port Mark, OH 28401",London,27197
281,meyereric@example.net,434-662-1269x6360,"6029 Moreno Lodge, Deborahchester, MO 30514",Paris,39877
282,kaitlindiaz@example.net,417-253-8025x95040,"PSC 4802, Box 2809, APO AP 64790",London,65050
283,denisejackson@example.org,+1-482-727-5260x74823,"940 Howard Freeway, Robertstad, PW 87755",Paris,43829
284,george71@example.net,3329022092,"2212 Flores Port, West Meganside, PR 42748",New York,50129
285,qhanna@example.org,(709)708-2357x045,"6855 Callahan Place, Phillipsburgh, OR 04967",Paris,88500
286,thomascrystal@example.org,(254)437-8303x300,"70674 Freeman Terrace Suite 726, New Ronald, FL 35773",London,59398
287,jenniferhernandez@example.net,481-477-5054x66903,"21299 Amy Manors Suite 596, South Samanthaville, OR 43174",Berlin,78951
288,richardsilva@example.org,273.319.8841,"84509 Durham Squares Apt. 432, Boydstad, MH 91314",Berlin,87267
289,davisjohn@example.net,+1-659-969-5322x325,"73903 Ward Freeway, New Peter, FM 19760",Berlin,55852
290,kingwilliam@example.org,605-293-6434,"99643 Beth Prairie Suite 485, Amandatown, WI 33499",Warsaw,32341
291,hogancarrie@example.net,(783)344-9373,"3833 Brian Glens, Hunterton, NV 20908",Berlin,59910
292,ynelson@example.org,951-559-4031x294,"5619 Nathan Alley, Port Hannah, WV 15686",Warsaw,86220
293,crystal00@example.net,+1-522-669-1125x1648,"647 Garcia Ford Apt. 652, East Glenn, SC 50766",Rome,55050
294,colleen70@example.net,269-487-1856x3614,"6485 Martinez Wells, Gonzalezmouth, WY 41274",Paris,33726
295,hhowell@example.com,658.373.7309x871,"919 Cindy Corners, Ryanland, OR 91650",Paris,69673
296,ymorris@example.net,001-261-985-4290x99484,"16116 Johnson Crossing, North Robertmouth, SC 37052",Warsaw,83177
297,meghan53@example.org,345-511-8068x325,"USNS Montoya, FPO AA 91565",London,86737
298,melvin60@example.org,631.567.1943x9019,"4872 Delgado Vista Suite 017, Knoxfort, NH 69084",Warsaw,11742
299,martinezashlee@example.org,379-682-6348,"50083 Andrew Run Apt. 459, Floydborough, DE 46087",Paris,98122
300,samuel00@example.org,415-903-4659x5352,"53365 Wayne Square Apt. 311, Port Ethan, PW 76115",Warsaw,48531
301,owenslarry@example.com,621-861-7276x935,"0236 Miller Lakes Suite 954, North Theresa, NH 65354",Warsaw,40482
302,connie57@example.com,401.250.0055x45479,"8628 Pennington Fort, Lake Malikland, GA 05400",Warsaw,54132
303,christopherjones@example.org,5718748746,"073 Murphy Garden Suite 624, Hernandezville, AR 34659",Rome,27523
304,phillippayne@example.org,+1-735-861-8914x4872,"8866 Barnett Orchard, North Sherri, DE 72234",Warsaw,42906
305,frowe@example.org,3995375061,"467 Murphy Mount Apt. 097, Lisaport, MT 83635",Berlin,01244
306,amiller@example.org,470.484.2240x3933,"USCGC Smith, FPO AA 86449",London,26534
307,vargaslinda@example.com,449.853.5307,"75851 Jenna Courts Apt. 797, Maryfurt, AZ 87622",Paris,74635
308,dan27@example.org,858.708.4645,"Unit 3471 Box 2663, DPO AP 10660",Berlin,81217
309,nkelly@example.org,7326240018,"50936 Johnson Stream Suite 678, Michellefort, VA 67672",New York,87725
310,jasminejones@example.org,768-564-2060,"PSC 2416, Box 9557, APO AE 14285",Berlin,45814
311,foleyjames@example.net,823.530.4769,"764 Jillian Pike Apt. 714, Lake Johntown, VI 60326",Rome,87255
312,ppark@example.com,807-720-2665x1043,"25813 Bianca Park Suite 555, Johnsonmouth, IN 86793",London,13854
313,sandovalchristopher@example.com,537.403.2164x331,"717 Andrea Lodge Suite 104, West Andrealand, MO 31219",London,45393
314,fdelgado@example.net,+1-516-788-2960x233,"279 Jeffery Underpass Apt. 918, Joshuastad, TN 99554",Berlin,84106
315,joshua83@example.com,390.377.3394x96980,"26843 Michael Camp, Madisontown, GU 14265",New York,10079
316,wcaldwell@example.net,(469)906-2220x033,"404 Sanders Route Suite 249, Port Jerryberg, TN 47201",Rome,84251
317,equinn@example.org,783-359-2758,"13069 White Forges Suite 097, North Ericmouth, NE 34678",New York,98781
318,phamgeorge@example.com,342.574.0482x517,"475 Gina Well Apt. 218, Lake James, PW 80083",Berlin,32924
319,janice61@example.com,+1-916-313-2886,"031 Alyssa Dale Apt. 856, Lake Christinestad, AS 93739",Warsaw,58293
320,michelle14@example.org,001-976-420-1454x75485,"3812 Martinez Forest Suite 986, Leahburgh, CA 12461",London,07558
321,alyssaspencer@example.com,(576)446-8865x659,"8685 Anderson Ramp Apt. 887, East Johnmouth, OH 85637",Paris,08926
322,tylercarey@example.net,(417)881-3826,"595 Townsend Turnpike, Port Rebecca, WA 52947",Warsaw,62129
323,vwhitaker@example.com,2915713445,"2182 Mark Wall Suite 426, Hallshire, NH 76543",New York,27339
324,darren73@example.net,654-676-4764x03933,"55188 Alicia Garden, Millertown, MH 24269",London,43597
325,caseymonroe@example.com,6214327080,"16688 Christopher Expressway Suite 234, South Alisonberg, NC 22046",Rome,19310
326,piercelisa@example.net,001-541-419-9999x736,"823 Rogers Knolls, East Patricia, MH 63596",Warsaw,26718
327,jmoran@example.org,+1-257-355-2868x633,"59822 Smith Neck Suite 968, West Heather, MI 60201",Warsaw,76923
328,mcfarlandpatrick@example.org,(938)709-7609,"27651 Davis Valley Apt. 086, Shelleyfort, VI 21867",Paris,28600
329,tonya84@example.org,+1-962-232-0484x47927,"3802 Phyllis Knolls, Weaverland, ND 34198",New York,31558
330,jason37@example.com,+1-754-569-4964,"44932 Harris Lane, Lake Francis, IN 36774",Paris,85283
331,erik42@example.com,001-609-230-2047x93115,"2714 Paige Creek Suite 345, Lake Kara, IN 80138",Berlin,64211
332,norrisgregory@example.com,+1-204-614-8695x7337,"972 Bowman Village Apt. 601, Leslieview, UT 68467",London,53359
333,agarcia@example.org,+1-819-910-7777x44957,"Unit 7392 Box 7647, DPO AE 52471",Berlin,10626
334,amarquez@example.com,321-333-2816,"752 Barron Gardens Apt. 011, Williamsmouth, MP 17990",Paris,39981
335,vwaters@example.org,001-628-435-4538x903,"6421 Frye River Suite 998, New Vanessamouth, ME 36012",London,86086
336,joshuamoore@example.com,+1-434-743-6079x289,"931 Richard Divide Suite 546, Whiteborough, KY 50995",Rome,32450
337,amandasantiago@example.com,001-946-540-4223x772,"0084 Medina Corner Suite 784, Simsstad, MD 95438",London,83366
338,gonzalezmelissa@example.org,+1-679-313-5951,"PSC 6977, Box 3357, APO AE 47700",Berlin,04009
339,thompsoncaroline@example.org,(840)365-3253x461,"PSC 5205, Box 0250, APO AE 13069",Rome,42809
340,ylopez@example.net,693-549-9448x557,"3249 Deborah Crest Apt. 650, Jacobshaven, MH 77494",New York,98020
341,jorge94@example.net,+1-632-376-7771x144,"7652 Fields Grove Apt. 618, Olsentown, MS 33233",Rome,95037
342,karen22@example.org,257-400-0893,"898 Jessica Fort, East Jessicaborough, MH 27279",Rome,87246
343,veronica21@example.net,291-898-5408x6885,"213 Harrison Mills, Kathytown, RI 74830",New York,22393
344,phillip44@example.org,905.420.0267,"306 Marshall Shore, Colemanbury, GA 36457",London,69001
345,powersgloria@example.org,703-411-4208x48904,"USNV Bennett, FPO AE 28567",New York,73532
346,christy90@example.com,744.709.2718x204,"911 Simmons Passage Apt. 582, Sharonbury, MD 21137",Warsaw,26280
347,bryantfelicia@example.org,708.440.4887x8715,"9837 Jacob Prairie, Kellyhaven, DC 51262",Rome,65546
348,russellbethany@example.com,001-902-572-7895x44420,"USS Hensley, FPO AE 66183",Warsaw,30474
349,archercharles@example.org,+1-699-645-7344x08745,"115 Curtis Alley Suite 852, Port Jamesmouth, OR 82128",Rome,63840
350,sallen@example.com,565.236.8601,"46191 Kenneth Harbor, Port Billburgh, NJ 50356",London,63394
351,tannerstephens@example.org,4882149398,"9653 Cody Turnpike, South Stephanieport, AL 35095",New York,55984
352,brittanywhite@example.org,(788)732-1653x59612,"61749 Hunt Creek Suite 460, East Heather, MH 48777",Warsaw,18150
353,aroberts@example.net,(709)656-2851,"89506 Hull Mountains Apt. 946, Lake Donhaven, NV 44472",New York,38000
354,gmejia@example.com,3545790867,"Unit 6732 Box 2913, DPO AP 02689",Rome,06647
355,wjohnson@example.net,(206)908-8119x55161,"PSC 8148, Box 5307, APO AE 83066",Warsaw,32865
356,gkennedy@example.com,968.819.6251x225,"54737 Armstrong Harbors Suite 706, West Kennethton, PR 37424",Berlin,47995
357,aramirez@example.org,001-501-622-4144,"84257 Bond Causeway Apt. 590, Yoderport, MH 85967",Warsaw,95223
358,bentleyamy@example.com,+1-988-790-6042x29693,"548 Larry Islands, West Teresa, VT 89793",Berlin,29315
359,bradleypatterson@example.org,649.379.2255x950,"95007 Jeremy Cove, Port Jamie, ID 21216",Warsaw,75085
360,wmcclain@example.org,001-328-374-9665,"0358 Stephanie Fort Suite 138, West Maxwellstad, WI 92729",Paris,38529
361,sharpkristen@example.com,001-440-994-6066,"833 Mark Meadows Apt. 116, Lake Catherineport, PW 16528",Berlin,16488
362,omccall@example.org,863-641-1860x13873,"360 Beth Plain Apt. 735, Troystad, DC 09227",Warsaw,28571
363,rstephens@example.net,(995)537-7508,"782 Richard Oval Apt. 005, East Madisonshire, MH 06646",Paris,59044
364,christinahayes@example.org,001-676-432-2501x554,"9911 Jennifer Coves Apt. 110, South Tammyfurt, HI 44204",Paris,90098
365,kharrison@example.com,(903)436-9380x954,"949 Holmes Square Suite 782, Marksshire, NV 98528",Berlin,25754
366,summersmith@example.com,+1-405-870-9202x87407,"21820 Martinez Villages Suite 180, Johnborough, GU 75331",New York,25747
367,svargas@example.net,4628937466,"34851 Juan Mount, West Thomasberg, MD 93416",New York,41842
368,christopherscott@example.com,(257)341-0972x7851,"99521 Reed Isle Suite 336, Joneschester, GU 40951",London,59272
369,ldrake@example.org,803.987.5116x1314,"60892 Amy Ramp, West Deniseton, WV 67041",Paris,73488
370,ericacopeland@example.net,(761)592-7367x4965,"13790 David Island Suite 854, Vegatown, FL 03855",Warsaw,17802
371,jessica94@example.com,991-932-5622x801,"03658 Steven Radial, Morganton, OR 35375",Rome,86687
372,smithnancy@example.com,2776839497,"691 Edwards Islands, Kristinshire, NH 78220",New York,94773
373,jodiking@example.net,231.686.0478,"31733 Allen Run, Howardborough, ME 75253",Paris,90307
374,golson@example.com,+1-752-865-4748,"5600 Rodriguez Port Suite 055, Carolchester, OR 96857",London,24793
375,hansensummer@example.org,(509)850-7112x728,"145 Mark Point Suite 565, Lesliechester, WA 62704",Rome,21874
376,stacey50@example.com,(293)470-8758,"826 Wright Mill Apt. 900, Hansenmouth, VA 63546",Rome,59977
377,heather48@example.com,915.819.8575,"18083 Elizabeth Locks Apt. 226, Morrisbury, MA 31882",Paris,22552
378,adam25@example.org,(953)736-5992,"000 Brenda Canyon, South Pamela, MO 97203",Berlin,73452
379,murphytoni@example.org,(431)557-7328x428,"87220 Combs Freeway, Port Jeremiah, HI 12988",Paris,35765
380,jeffreythomas@example.org,+1-330-357-5750,"696 Mccarthy Fall Suite 681, Lake Jenniferberg, NV 76780",Paris,18641
381,tmalone@example.net,(313)583-5715x19064,"9532 Alejandro Harbor, Lamberttown, KY 04490",London,79881
382,brian33@example.org,650.336.8260,"121 Javier Falls, Lake Deanfurt, WI 14722",New York,66335
383,afox@example.net,4758713762,"680 Jerry Motorway Suite 253, Bellchester, TN 64644",Berlin,08478
384,yaguilar@example.net,001-216-505-2446x40334,"9963 Erika Lights, West Melvin, TN 23029",Paris,57186
385,bradley76@example.org,979-451-5339x21550,"2476 Luke Estate Suite 127, Westmouth, SC 41339",Rome,17684
386,sharon65@example.net,286.467.6878,"73772 Andrew Terrace Apt. 049, Lake Angelafort, MT 58600",Berlin,01519
387,bruce50@example.org,874-797-7320,"892 Jacob Route Suite 196, New Yvonne, AK 62541",New York,12843
388,johnsonpaul@example.com,747-846-7869x7403,"50458 Romero Neck, New Tina, IN 29901",New York,40988
389,craig64@example.com,(697)658-5017x0406,"079 Bryan Motorway Suite 867, Josephville, MO 80667",Berlin,48785
390,yjuarez@example.org,3628742601,"2502 Samantha Mews Apt. 321, West Kimberly, LA 10350",Paris,61218
391,thomasbrandon@example.net,001-308-247-4204x036,"PSC 4959, Box 1365, APO AP 68013",London,43741
392,jeffreyrivera@example.org,+1-549-475-3616x959,"0734 David Forges, Katherineborough, NY 80160",Warsaw,26975
393,randerson@example.org,359-603-8883,"89807 Williams Ford, South Raymondland, VI 81622",New York,84228
394,brandilewis@example.org,396.549.4653,"562 Dylan Pine, East Stephanieberg, OK 12010",Berlin,56596
395,spencereverett@example.net,913-811-6456,"042 Johnson Key, Castroton, FM 12526",Warsaw,55599
396,traciterry@example.net,001-922-769-6772x006,"4120 Reynolds Locks Apt. 662, Erinmouth, CO 44161",New York,02571
397,martinshane@example.org,(217)645-5274x086,"5940 Dixon Stravenue, Port Brandonburgh, ID 27586",Berlin,72436
398,andrew43@example.net,553-886-3295x47869,"174 Dwayne Prairie Apt. 713, Jamestown, FM 88702",Rome,80969
399,wrightjay@example.net,329.716.7949x8404,"383 Keller Run, Jayburgh, OH 49225",Warsaw,71082
400,davidcochran@example.net,703.843.3794x07759,"8492 Dennis Mews Apt. 575, South Justinstad, FL 19168",Berlin,72907
401,crystal28@example.org,3256227586,"36819 Jones Vista Suite 676, Port Teresaville, SC 29219",Warsaw,31662
402,charleshill@example.net,001-691-600-0511x188,"33759 Copeland Lakes Apt. 833, Rubenland, PR 43379",Berlin,74365
403,kenneth86@example.com,(358)961-1316,"PSC 5733, Box 7400, APO AP 29559",Berlin,80894
404,kwatts@example.net,572.552.4553,"615 Bell Skyway Suite 345, North Anna, NE 12392",Warsaw,91497
405,greenspencer@example.org,400-741-3100x4999,"397 Holmes Unions, North Jeffrey, NY 32611",Berlin,26691
406,sandra13@example.com,659.261.1447x0501,"82334 Susan Springs, Myersville, MD 99216",London,02730
407,autumnchurch@example.net,+1-371-252-8182x619,"342 Brett Glens, East Jill, WA 12684",London,20994
408,sharon26@example.net,001-538-495-5568x29341,"7567 Rogers Run Suite 631, South Tracytown, FL 60365",Berlin,06721
409,livingstonlawrence@example.org,238-364-4509x2070,"35987 Jessica Ridge Apt. 886, Lake Jeffrey, IA 88745",Berlin,57333
410,williamscorey@example.com,516-480-2006x88037,"5227 Joseph Plaza, West Lauraborough, AR 72894",Paris,44757
411,vasquezkimberly@example.org,(227)584-7223x007,"282 Nicholas Bypass Apt. 121, Port Jonathan, WV 39858",London,82259
412,sabrinagreen@example.com,513.349.7906x33651,"53664 Hodge Parkways, Wellsstad, VI 43069",London,59090
413,vincent25@example.com,368-238-1234x612,"65028 Johnson Fork Suite 461, Port Brian, WA 77841",New York,27978
414,davidayala@example.net,6179177164,"82276 Hall Point, Shannonfurt, CA 42704",Paris,37175
415,shaunwillis@example.net,256-256-0171x80261,"6445 Taylor Ridges, East Tabithashire, UT 46741",Warsaw,92171
416,jessicawilson@example.net,(682)510-4153,"2246 Shirley Stravenue, Derrickbury, NY 32941",Paris,61552
417,mitchelltamara@example.net,+1-868-600-8742x566,"1409 Jose Points Apt. 155, Port Michael, AR 77339",Warsaw,23500
418,kmitchell@example.org,954-563-2916x01764,"61468 Harrell Course Apt. 558, East Aprilmouth, GU 27958",Paris,87725
419,don83@example.net,703.712.7499x9939,"960 Long Shoal, Jenniferfort, ID 92395",Berlin,41847
420,jill24@example.org,(939)404-2160x168,"919 Yoder Key Apt. 553, Garciaport, GU 09772",Warsaw,57486
421,kmatthews@example.net,001-447-251-8692x529,"547 Megan Hollow Apt. 424, Port Judyfort, UT 65324",Berlin,02283
422,ericksonrhonda@example.org,9973003547,"1217 Herrera Circles, Deanmouth, OH 35729",Paris,49772
423,taylormary@example.com,001-717-729-1782x817,"468 Shannon Loaf, West Jenniferhaven, CO 93131",Berlin,08231
424,jason75@example.net,380.586.9244x853,"3109 Bradley Field Suite 112, West Michaelside, VA 26446",Berlin,22841
425,colejames@example.com,001-567-898-0618x6594,"53203 Ford Forest Suite 590, Nealside, WI 51934",New York,93274
426,mullenwilliam@example.org,001-677-951-2988,"1927 Rachel View Suite 570, East Abigail, OK 60565",Paris,02895
427,catherine95@example.org,303-707-5621x25711,"08561 Brooks Cliffs, Colemanstad, KY 18145",Paris,88953
428,jeremyandrews@example.org,(822)766-3049,"128 Jeffery Mission, Lake Kennethchester, NY 84882",Paris,97464
429,patrick47@example.org,915.805.5529,"7818 Cook Mission Apt. 735, West Nancy, WI 07868",Paris,52153
430,fcarter@example.com,001-727-398-2488x95770,"7843 Shea Manor Suite 185, East Kristastad, NY 12071",Paris,41239
431,austinroger@example.net,482-569-0134,"771 Allen Pines Apt. 609, West Matthewbury, VA 38566",Warsaw,96732
432,yjohnson@example.com,(354)619-8745,"67494 Christopher Heights Apt. 061, West Joshuaville, PA 82370",London,06768
433,sosapatricia@example.com,755.996.4757,"53361 Wilson Coves Suite 456, North Brandon, UT 23629",Warsaw,29587
434,flopez@example.org,+1-553-466-6936x68746,"949 Travis Islands, West Johnside, AL 57159",Berlin,36350
435,brandon47@example.net,457-384-8671,"34016 Stacy Spurs, New Stephaniemouth, KY 11241",Warsaw,44201
436,znelson@example.net,536.644.5492,"0864 Ronald Street Suite 375, East Carl, PA 09451",London,23320
437,stuartperez@example.org,753-490-3128,"33929 Tonya Forges, Lauraview, RI 21214",Berlin,35681
438,patriciamurphy@example.org,+1-524-985-6439,"543 Banks Ford Apt. 457, Josemouth, WI 64000",London,91515
439,maria30@example.com,(515)976-9964x235,"219 Smith Ferry Suite 758, North Angelaville, ME 10677",Berlin,66455
440,tbarton@example.org,(394)567-3872,"5619 Patrick Bypass, Jenniferhaven, MH 85473",Berlin,99800
441,stevenstevens@example.com,(204)509-5209x24998,"77272 Wendy Grove, Blakehaven, ND 01520",Warsaw,69499
442,marklopez@example.org,9735264468,"479 Lambert Village, Josephbury, WA 92297",Warsaw,89183
443,michaelcarter@example.org,8709613218,"158 Franco Corners Apt. 366, Mackenzieshire, ME 50085",Paris,39664
444,littlelisa@example.org,001-378-883-4495,"37202 Daniel Port, Morrisonchester, GA 23586",New York,68952
445,matthew68@example.com,(335)440-9171x510,"0975 Vargas Locks Apt. 228, Lake Charles, KS 91624",Warsaw,48494
446,mataelizabeth@example.net,001-921-201-2270,"71120 Bond Extensions Suite 937, Gibsonstad, WA 28602",Rome,26831
447,fhowe@example.org,(367)926-1452,"48524 Hunter Loaf Apt. 980, Arianafurt, FM 17268",New York,22152
448,joelcisneros@example.org,948-475-6605,"176 Natalie Island Suite 751, Curryfurt, ID 41706",New York,73800
449,martinezelizabeth@example.net,001-244-348-8892x698,"4547 Mike Land, East Dawn, SD 53336",London,87758
450,njackson@example.org,(563)465-2244x30405,"2193 Jessica Views, New Dalton, AS 02510",Warsaw,12079
451,doris25@example.net,001-964-568-0281x31072,"5578 Tim Well Suite 939, North Jeremy, NV 11667",Berlin,07002
452,dawn01@example.net,9362836618,"58892 Santos Plains Apt. 825, Johnstad, MP 31518",Warsaw,82114
453,ericamadden@example.com,934.927.6482x3490,"5939 Lopez Pine Suite 655, New Lisa, FL 73374",Paris,87898
454,shannondudley@example.org,739.257.2591x9319,"059 Guerrero Walks Suite 164, Lake Kayla, ME 64839",Berlin,39528
455,afuller@example.com,363-355-9525,"839 Nicholas Camp, Elizabethshire, HI 96272",New York,38538
456,lgaines@example.org,(961)999-1224x35446,"69889 Collins Lodge, Perezton, MI 27369",Rome,82231
457,scottnoble@example.net,808.270.2894,"1465 Alexandria Court Suite 891, North Matthew, WY 03842",Paris,93146
458,brandonfox@example.com,001-951-730-5618,"89351 Ronald Parkway, Gregoryside, AK 61026",London,87150
459,brianrobertson@example.org,(525)683-3526,"357 Cynthia Drive, Stephanieshire, ID 16589",New York,79620
460,scottespinoza@example.org,279.750.1725,"87319 Perkins Drives Suite 187, New Martinfort, ND 77813",Berlin,75617
461,cindy64@example.org,894-539-2271,"USNS Jackson, FPO AE 67500",Rome,71967
462,karen60@example.com,574.828.9605x925,"2169 Grant Junctions, Tinatown, NH 43594",Rome,33155
463,melvin65@example.net,480-269-5498x0122,"284 Lucas Square, New Michellemouth, NY 27206",London,69540
464,ldiaz@example.net,333-977-8512,"PSC 1396, Box 4863, APO AP 69013",Warsaw,63240
465,wmann@example.org,374-349-2047,"644 Vaughn Mount, Scottton, CO 16084",Paris,51004
466,heather57@example.com,+1-474-911-8132x424,"PSC 1462, Box 4995, APO AA 04744",Paris,95199
467,vcuevas@example.net,+1-572-529-3635x965,"91593 Espinoza Throughway Apt. 595, North Vanessa, HI 08298",London,85941
468,erik29@example.net,001-879-919-8938x978,"6059 Harper Spur Apt. 292, Benjaminland, GA 40347",Berlin,85482
469,barryphillips@example.org,001-548-905-1432x28542,"PSC 1380, Box 9784, APO AE 65761",New York,34823
470,butleramanda@example.com,365-484-6264x822,"0345 Patricia Ramp Apt. 600, Gregorystad, GU 08921",Berlin,77855
471,jordandestiny@example.net,538.901.6272x056,"184 Davis Circles Suite 549, Lake Kathyborough, NJ 40744",Paris,75734
472,joelanderson@example.org,991-485-4214,"37866 Jones Ville Suite 925, Perezchester, FL 59682",Warsaw,89731
473,edwardskim@example.net,+1-890-653-3271x992,"USNV Martin, FPO AA 31089",London,87966
474,xwagner@example.org,711.521.0023,"USNV Clark, FPO AP 91145",Warsaw,08934
475,sparkskristen@example.org,001-517-944-2964x15095,"3860 Mark Locks Suite 624, Sheilamouth, IA 36033",Rome,22143
476,richard80@example.org,650.823.3702x018,"69775 Jessica Ranch, Lake Moniquebury, OH 74357",New York,41352
477,butlerjody@example.org,+1-399-935-8085x9288,"USCGC Knight, FPO AP 49917",Paris,81746
478,tom18@example.com,443-574-7835x7312,"713 Bryant Cape, Whitneybury, PR 77590",Rome,43718
479,jeffreyscott@example.net,+1-599-628-0310x06623,"6165 Orr Corners Suite 501, Dennistown, VT 72478",London,06966
480,ashleydodson@example.net,903-869-3663x9511,"96894 Clay Squares, South Jasmine, NH 68435",London,78894
481,timothy12@example.org,(748)577-8161x15860,"USCGC Franklin, FPO AP 95677",Paris,97747
482,ryan49@example.net,494-881-2893,"834 Preston Isle Suite 672, West Petermouth, IL 91874",Warsaw,66902
483,reyeskatherine@example.com,(414)841-2820,"205 Erica Run, Danastad, NV 66102",Berlin,77109
484,joseph64@example.net,721-618-5693,"4375 Robert Mountain, North Kyleburgh, VT 33093",Paris,31048
485,jason77@example.org,(559)206-2772x16271,"26551 Cody Trace, Morganburgh, PW 79842",New York,60277
486,donnaparks@example.com,001-997-273-7094,"69543 Kyle Estates, New Angelafort, WA 93346",Warsaw,90939
487,christina91@example.org,760.219.2018x631,"7956 Charles Mount, West Brandy, NH 45267",London,05884
488,buchananapril@example.net,001-926-325-1995,"6332 Nicholson Ville, South Charles, DC 40409",London,84878
489,bharrison@example.org,(666)771-6242,"9330 Mary Route Suite 722, West Katherinetown, PA 80409",Paris,68859
490,gregoryreyes@example.org,+1-920-247-2781x2219,"8182 Jackson Falls, Greeneport, LA 98318",Rome,06956
491,xanderson@example.com,(704)928-2180,"825 Monica Square Apt. 226, South Stephanietown, KY 07186",Warsaw,78465
492,julie98@example.net,907.853.4598x99068,"9014 Taylor Mission Suite 734, Hannahmouth, MH 71422",Paris,53248
493,tmartinez@example.com,+1-263-451-4260x08716,"670 Vincent Fork Suite 612, North Kylehaven, SD 99658",Warsaw,50178
494,mblair@example.net,001-596-297-2963x2603,"534 Christine Springs Suite 159, Lopezside, GA 10647",Paris,91917
495,rvasquez@example.org,+1-378-740-4837x99433,"92230 Kim Mount Apt. 111, Maryberg, OK 55480",New York,41877
496,jamesbenjamin@example.org,(265)365-1384x832,"6693 Smith Ramp, Lake Heidi, OK 66088",Paris,55878
497,brandonferguson@example.com,267.213.7125x141,"14089 Laura Mall Suite 307, New Lynn, LA 34403",Paris,80727
498,goodwinmichael@example.net,642.271.1078x278,"204 Brown Key Suite 955, New Josephshire, TX 25863",Paris,71304
499,garciashelby@example.net,(490)875-4497x5770,"PSC 5518, Box 2800, APO AA 81811",Paris,41977
500,claire32@example.net,607.770.3401,"349 Baker Park, Butlerbury, SD 84173",Berlin,33301
